-- Insert Roles --
INSERT INTO `mydb`.`ROLES`
(`RoleName`)
VALUES
('Manager');
INSERT INTO `mydb`.`ROLES`
(`RoleName`)
VALUES
('Cook');
INSERT INTO `mydb`.`ROLES`
(`RoleName`)
VALUES
('Cashier');
INSERT INTO `mydb`.`ROLES`
(`RoleName`)
VALUES
('Driver');

-- Insert Employees --
INSERT INTO `mydb`.`EMPLOYEE`
(`EmployeeID`,
`FirstName`,
`LastName`,
`Email`,
`PhoneNumber`,
`HireDate`,
`DateofBirth`,
`PayRate`)
VALUES
(1,
'Marian',
'Ostberg',
'MOstberg@example.com',
'7201234567',
'2022-10-18',
'1992-02-19',
16);
INSERT INTO `mydb`.`EMPLOYEE`
(`EmployeeID`,
`FirstName`,
`LastName`,
`Email`,
`PhoneNumber`,
`HireDate`,
`DateofBirth`,
`PayRate`)
VALUES
(2,
'Howell',
'Rosenberg',
'howellR@example.com',
'9285637283',
'2020-11-23',
'2003-06-12',
18);
INSERT INTO `mydb`.`EMPLOYEE`
(`EmployeeID`,
`FirstName`,
`LastName`,
`Email`,
`PhoneNumber`,
`HireDate`,
`DateofBirth`,
`PayRate`)
VALUES
(3,
'Mary',
'Carpenter',
'MaryCarpenter@example.com',
'9285638273',
'2023-04-20',
'2000-12-10',
17);
INSERT INTO `mydb`.`EMPLOYEE`
(`EmployeeID`,
`FirstName`,
`LastName`,
`Email`,
`PhoneNumber`,
`HireDate`,
`DateofBirth`,
`PayRate`)
VALUES
(4,
'Radovan',
'Klerkx',
'radovan@example.com',
'2739284938',
'2015-10-17',
'1996-03-17',
20);
INSERT INTO `mydb`.`EMPLOYEE`
(`EmployeeID`,
`FirstName`,
`LastName`,
`Email`,
`PhoneNumber`,
`HireDate`,
`DateofBirth`,
`PayRate`)
VALUES
(5,
'Thiemo',
'Maria',
'thiemo@example.com',
'8738949384',
'2018-09-25',
'2001-04-21',
16);
INSERT INTO `mydb`.`EMPLOYEE`
(`EmployeeID`,
`FirstName`,
`LastName`,
`Email`,
`PhoneNumber`,
`HireDate`,
`DateofBirth`,
`PayRate`)
VALUES
(6,
'Alba',
'Winship',
'albawinship@example.com',
'9279302845',
'2019-10-22',
'2000-02-29',
16);
INSERT INTO `mydb`.`EMPLOYEE`
(`EmployeeID`,
`FirstName`,
`LastName`,
`Email`,
`PhoneNumber`,
`HireDate`,
`DateofBirth`,
`PayRate`)
VALUES
(7,
'Edina',
'Carlson',
'edinacarlson@example.com',
'1029482940',
'2021-11-22',
'2003-06-28',
19);
INSERT INTO `mydb`.`EMPLOYEE`
(`EmployeeID`,
`FirstName`,
`LastName`,
`Email`,
`PhoneNumber`,
`HireDate`,
`DateofBirth`,
`PayRate`)
VALUES
(8,
'Christopher',
'Komatka',
'ChristopherK@example.com',
'0389203928',
'2023-09-01',
'1994-06-20',
20);
INSERT INTO `mydb`.`EMPLOYEE`
(`EmployeeID`,
`FirstName`,
`LastName`,
`Email`,
`PhoneNumber`,
`HireDate`,
`DateofBirth`,
`PayRate`)
VALUES
(9,
'Walaric',
'Winston',
'thewalaric@example.com',
'8273890482',
'2012-12-31',
'1994-07-27',
20);
INSERT INTO `mydb`.`EMPLOYEE`
(`EmployeeID`,
`FirstName`,
`LastName`,
`Email`,
`PhoneNumber`,
`HireDate`,
`DateofBirth`,
`PayRate`)
VALUES
(10,
'Big',
'Show',
'BigSHow@example.com',
'9283920394',
'2010-01-02',
'1972-02-08',
25);

-- Insert employee roles --
INSERT INTO `mydb`.`EMPLOYEE_has_ROLES`
(`EMPLOYEE_EmployeeID`,
`ROLES_RoleName`)
VALUES
(1,
'Manager');
INSERT INTO `mydb`.`EMPLOYEE_has_ROLES`
(`EMPLOYEE_EmployeeID`,
`ROLES_RoleName`)
VALUES
(1,
'Cook');
INSERT INTO `mydb`.`EMPLOYEE_has_ROLES`
(`EMPLOYEE_EmployeeID`,
`ROLES_RoleName`)
VALUES
(1,
'Driver');
INSERT INTO `mydb`.`EMPLOYEE_has_ROLES`
(`EMPLOYEE_EmployeeID`,
`ROLES_RoleName`)
VALUES
(1,
'Cashier');
INSERT INTO `mydb`.`EMPLOYEE_has_ROLES`
(`EMPLOYEE_EmployeeID`,
`ROLES_RoleName`)
VALUES
(2,
'Driver');
INSERT INTO `mydb`.`EMPLOYEE_has_ROLES`
(`EMPLOYEE_EmployeeID`,
`ROLES_RoleName`)
VALUES
(3,
'Cook');
INSERT INTO `mydb`.`EMPLOYEE_has_ROLES`
(`EMPLOYEE_EmployeeID`,
`ROLES_RoleName`)
VALUES
(4,
'Cashier');
INSERT INTO `mydb`.`EMPLOYEE_has_ROLES`
(`EMPLOYEE_EmployeeID`,
`ROLES_RoleName`)
VALUES
(5,
'Manager');
INSERT INTO `mydb`.`EMPLOYEE_has_ROLES`
(`EMPLOYEE_EmployeeID`,
`ROLES_RoleName`)
VALUES
(6,
'Cook');
INSERT INTO `mydb`.`EMPLOYEE_has_ROLES`
(`EMPLOYEE_EmployeeID`,
`ROLES_RoleName`)
VALUES
(6,
'Driver');
INSERT INTO `mydb`.`EMPLOYEE_has_ROLES`
(`EMPLOYEE_EmployeeID`,
`ROLES_RoleName`)
VALUES
(7,
'Cashier');
INSERT INTO `mydb`.`EMPLOYEE_has_ROLES`
(`EMPLOYEE_EmployeeID`,
`ROLES_RoleName`)
VALUES
(7,
'Cook');
INSERT INTO `mydb`.`EMPLOYEE_has_ROLES`
(`EMPLOYEE_EmployeeID`,
`ROLES_RoleName`)
VALUES
(8,
'Manager');
INSERT INTO `mydb`.`EMPLOYEE_has_ROLES`
(`EMPLOYEE_EmployeeID`,
`ROLES_RoleName`)
VALUES
(8,
'Cook');
INSERT INTO `mydb`.`EMPLOYEE_has_ROLES`
(`EMPLOYEE_EmployeeID`,
`ROLES_RoleName`)
VALUES
(8,
'Cashier');
INSERT INTO `mydb`.`EMPLOYEE_has_ROLES`
(`EMPLOYEE_EmployeeID`,
`ROLES_RoleName`)
VALUES
(9,
'Driver');
INSERT INTO `mydb`.`EMPLOYEE_has_ROLES`
(`EMPLOYEE_EmployeeID`,
`ROLES_RoleName`)
VALUES
(9,
'Cook');
INSERT INTO `mydb`.`EMPLOYEE_has_ROLES`
(`EMPLOYEE_EmployeeID`,
`ROLES_RoleName`)
VALUES
(10,
'Manager');
INSERT INTO `mydb`.`EMPLOYEE_has_ROLES`
(`EMPLOYEE_EmployeeID`,
`ROLES_RoleName`)
VALUES
(10,
'Driver');
INSERT INTO `mydb`.`EMPLOYEE_has_ROLES`
(`EMPLOYEE_EmployeeID`,
`ROLES_RoleName`)
VALUES
(10,
'Cook');
INSERT INTO `mydb`.`EMPLOYEE_has_ROLES`
(`EMPLOYEE_EmployeeID`,
`ROLES_RoleName`)
VALUES
(10,
'Cashier');

-- Insert Stores --
INSERT INTO `mydb`.`STORES`
(`StoreName`)
VALUES
('Downtown');
INSERT INTO `mydb`.`STORES`
(`StoreName`)
VALUES
('Eastside');
INSERT INTO `mydb`.`STORES`
(`StoreName`)
VALUES
('Westside');

-- Insert Employee Stores --
INSERT INTO `mydb`.`EMPLOYEE_has_STORES`
(`EMPLOYEE_EmployeeID`,
`STORES_StoreName`)
VALUES
(1,
'Downtown');
INSERT INTO `mydb`.`EMPLOYEE_has_STORES`
(`EMPLOYEE_EmployeeID`,
`STORES_StoreName`)
VALUES
(1,
'EastSide');
INSERT INTO `mydb`.`EMPLOYEE_has_STORES`
(`EMPLOYEE_EmployeeID`,
`STORES_StoreName`)
VALUES
(1,
'WestSide');
INSERT INTO `mydb`.`EMPLOYEE_has_STORES`
(`EMPLOYEE_EmployeeID`,
`STORES_StoreName`)
VALUES
(2,
'Downtown');
INSERT INTO `mydb`.`EMPLOYEE_has_STORES`
(`EMPLOYEE_EmployeeID`,
`STORES_StoreName`)
VALUES
(2,
'Eastside');
INSERT INTO `mydb`.`EMPLOYEE_has_STORES`
(`EMPLOYEE_EmployeeID`,
`STORES_StoreName`)
VALUES
(3,
'Eastside');
INSERT INTO `mydb`.`EMPLOYEE_has_STORES`
(`EMPLOYEE_EmployeeID`,
`STORES_StoreName`)
VALUES
(3,
'Westside');
INSERT INTO `mydb`.`EMPLOYEE_has_STORES`
(`EMPLOYEE_EmployeeID`,
`STORES_StoreName`)
VALUES
(4,
'Downtown');
INSERT INTO `mydb`.`EMPLOYEE_has_STORES`
(`EMPLOYEE_EmployeeID`,
`STORES_StoreName`)
VALUES
(5,
'Downtown');
INSERT INTO `mydb`.`EMPLOYEE_has_STORES`
(`EMPLOYEE_EmployeeID`,
`STORES_StoreName`)
VALUES
(5,
'EastSide');
INSERT INTO `mydb`.`EMPLOYEE_has_STORES`
(`EMPLOYEE_EmployeeID`,
`STORES_StoreName`)
VALUES
(5,
'WestSide');
INSERT INTO `mydb`.`EMPLOYEE_has_STORES`
(`EMPLOYEE_EmployeeID`,
`STORES_StoreName`)
VALUES
(6,
'Downtown');
INSERT INTO `mydb`.`EMPLOYEE_has_STORES`
(`EMPLOYEE_EmployeeID`,
`STORES_StoreName`)
VALUES
(6,
'EastSide');
INSERT INTO `mydb`.`EMPLOYEE_has_STORES`
(`EMPLOYEE_EmployeeID`,
`STORES_StoreName`)
VALUES
(7,
'Downtown');
INSERT INTO `mydb`.`EMPLOYEE_has_STORES`
(`EMPLOYEE_EmployeeID`,
`STORES_StoreName`)
VALUES
(7,
'EastSide');
INSERT INTO `mydb`.`EMPLOYEE_has_STORES`
(`EMPLOYEE_EmployeeID`,
`STORES_StoreName`)
VALUES
(7,
'WestSide');
INSERT INTO `mydb`.`EMPLOYEE_has_STORES`
(`EMPLOYEE_EmployeeID`,
`STORES_StoreName`)
VALUES
(8,
'Downtown');

INSERT INTO `mydb`.`EMPLOYEE_has_STORES`
(`EMPLOYEE_EmployeeID`,
`STORES_StoreName`)
VALUES
(8,
'WestSide');
INSERT INTO `mydb`.`EMPLOYEE_has_STORES`
(`EMPLOYEE_EmployeeID`,
`STORES_StoreName`)
VALUES
(9,
'WestSide');
INSERT INTO `mydb`.`EMPLOYEE_has_STORES`
(`EMPLOYEE_EmployeeID`,
`STORES_StoreName`)
VALUES
(9,
'Downtown');
INSERT INTO `mydb`.`EMPLOYEE_has_STORES`
(`EMPLOYEE_EmployeeID`,
`STORES_StoreName`)
VALUES
(10,
'WestSide');
INSERT INTO `mydb`.`EMPLOYEE_has_STORES`
(`EMPLOYEE_EmployeeID`,
`STORES_StoreName`)
VALUES
(10,
'Downtown');
INSERT INTO `mydb`.`EMPLOYEE_has_STORES`
(`EMPLOYEE_EmployeeID`,
`STORES_StoreName`)
VALUES
(10,
'Eastside');

-- Insert Availability --
INSERT INTO `mydb`.`AVAILABILITY`
(`AvailabilityID`,
`StartTime`,
`EndTime`,
`DayOfWeek`,
`EMPLOYEE_EmployeeID`,
`SCHEDULE_ScheduleID`)
VALUES
(1,
'09:00:00',
'22:00:00',
0,
1,
NULL);
INSERT INTO `mydb`.`AVAILABILITY`
(`AvailabilityID`,
`StartTime`,
`EndTime`,
`DayOfWeek`,
`EMPLOYEE_EmployeeID`,
`SCHEDULE_ScheduleID`)
VALUES
(2,
'09:00:00',
'22:00:00',
1,
1,
NULL);
INSERT INTO `mydb`.`AVAILABILITY`
(`AvailabilityID`,
`StartTime`,
`EndTime`,
`DayOfWeek`,
`EMPLOYEE_EmployeeID`,
`SCHEDULE_ScheduleID`)
VALUES
(3,
'09:00:00',
'22:00:00',
2,
1,
NULL);
INSERT INTO `mydb`.`AVAILABILITY`
(`AvailabilityID`,
`StartTime`,
`EndTime`,
`DayOfWeek`,
`EMPLOYEE_EmployeeID`,
`SCHEDULE_ScheduleID`)
VALUES
(4,
'09:00:00',
'22:00:00',
3,
1,
NULL);INSERT INTO `mydb`.`AVAILABILITY`
(`AvailabilityID`,
`StartTime`,
`EndTime`,
`DayOfWeek`,
`EMPLOYEE_EmployeeID`,
`SCHEDULE_ScheduleID`)
VALUES
(5,
'09:00:00',
'22:00:00',
4,
1,
NULL);
INSERT INTO `mydb`.`AVAILABILITY`
(`AvailabilityID`,
`StartTime`,
`EndTime`,
`DayOfWeek`,
`EMPLOYEE_EmployeeID`,
`SCHEDULE_ScheduleID`)
VALUES
(6,
'09:00:00',
'22:00:00',
5,
1,
NULL);
INSERT INTO `mydb`.`AVAILABILITY`
(`AvailabilityID`,
`StartTime`,
`EndTime`,
`DayOfWeek`,
`EMPLOYEE_EmployeeID`,
`SCHEDULE_ScheduleID`)
VALUES
(7,
'09:00:00',
'22:00:00',
6,
1,
NULL);
INSERT INTO `mydb`.`AVAILABILITY`
(`AvailabilityID`,
`StartTime`,
`EndTime`,
`DayOfWeek`,
`EMPLOYEE_EmployeeID`,
`SCHEDULE_ScheduleID`)
VALUES
(8,
'08:00:00',
'20:00:00',
0,
2,
NULL);
INSERT INTO `mydb`.`AVAILABILITY`
(`AvailabilityID`,
`StartTime`,
`EndTime`,
`DayOfWeek`,
`EMPLOYEE_EmployeeID`,
`SCHEDULE_ScheduleID`)
VALUES
(9,
'07:00:00',
'23:00:00',
1,
2,
NULL);
INSERT INTO `mydb`.`AVAILABILITY`
(`AvailabilityID`,
`StartTime`,
`EndTime`,
`DayOfWeek`,
`EMPLOYEE_EmployeeID`,
`SCHEDULE_ScheduleID`)
VALUES
(10,
'10:00:00',
'22:00:00',
2,
2,
NULL);
INSERT INTO `mydb`.`AVAILABILITY`
(`AvailabilityID`,
`StartTime`,
`EndTime`,
`DayOfWeek`,
`EMPLOYEE_EmployeeID`,
`SCHEDULE_ScheduleID`)
VALUES
(11,
'07:00:00',
'22:00:00',
3,
2,
NULL);
INSERT INTO `mydb`.`AVAILABILITY`
(`AvailabilityID`,
`StartTime`,
`EndTime`,
`DayOfWeek`,
`EMPLOYEE_EmployeeID`,
`SCHEDULE_ScheduleID`)
VALUES
(12,
'10:00:00',
'22:00:00',
4,
2,
NULL);
INSERT INTO `mydb`.`AVAILABILITY`
(`AvailabilityID`,
`StartTime`,
`EndTime`,
`DayOfWeek`,
`EMPLOYEE_EmployeeID`,
`SCHEDULE_ScheduleID`)
VALUES
(13,
'08:30:00',
'23:30:00',
5,
2,
NULL);
INSERT INTO `mydb`.`AVAILABILITY`
(`AvailabilityID`,
`StartTime`,
`EndTime`,
`DayOfWeek`,
`EMPLOYEE_EmployeeID`,
`SCHEDULE_ScheduleID`)
VALUES
(14,
'08:00:00',
'22:30:00',
6,
2,
NULL);
INSERT INTO `mydb`.`AVAILABILITY`
(`AvailabilityID`,
`StartTime`,
`EndTime`,
`DayOfWeek`,
`EMPLOYEE_EmployeeID`,
`SCHEDULE_ScheduleID`)
VALUES
(15,
'14:00:00',
'23:30:00',
0,
3,
NULL);
INSERT INTO `mydb`.`AVAILABILITY`
(`AvailabilityID`,
`StartTime`,
`EndTime`,
`DayOfWeek`,
`EMPLOYEE_EmployeeID`,
`SCHEDULE_ScheduleID`)
VALUES
(16,
'15:00:00',
'23:30:00',
1,
3,
NULL);
INSERT INTO `mydb`.`AVAILABILITY`
(`AvailabilityID`,
`StartTime`,
`EndTime`,
`DayOfWeek`,
`EMPLOYEE_EmployeeID`,
`SCHEDULE_ScheduleID`)
VALUES
(17,
'10:00:00',
'22:00:00',
2,
3,
NULL);
INSERT INTO `mydb`.`AVAILABILITY`
(`AvailabilityID`,
`StartTime`,
`EndTime`,
`DayOfWeek`,
`EMPLOYEE_EmployeeID`,
`SCHEDULE_ScheduleID`)
VALUES
(18,
'14:00:00',
'22:00:00',
3,
3,
NULL);
INSERT INTO `mydb`.`AVAILABILITY`
(`AvailabilityID`,
`StartTime`,
`EndTime`,
`DayOfWeek`,
`EMPLOYEE_EmployeeID`,
`SCHEDULE_ScheduleID`)
VALUES
(19,
'12:00:00',
'22:00:00',
4,
3,
NULL);
INSERT INTO `mydb`.`AVAILABILITY`
(`AvailabilityID`,
`StartTime`,
`EndTime`,
`DayOfWeek`,
`EMPLOYEE_EmployeeID`,
`SCHEDULE_ScheduleID`)
VALUES
(20,
'12:30:00',
'23:30:00',
5,
3,
NULL);
INSERT INTO `mydb`.`AVAILABILITY`
(`AvailabilityID`,
`StartTime`,
`EndTime`,
`DayOfWeek`,
`EMPLOYEE_EmployeeID`,
`SCHEDULE_ScheduleID`)
VALUES
(21,
'14:00:00',
'22:30:00',
6,
3,
NULL);
INSERT INTO `mydb`.`AVAILABILITY`
(`AvailabilityID`,
`StartTime`,
`EndTime`,
`DayOfWeek`,
`EMPLOYEE_EmployeeID`,
`SCHEDULE_ScheduleID`)
VALUES
(22,
'09:00:00',
'22:00:00',
0,
4,
NULL);
INSERT INTO `mydb`.`AVAILABILITY`
(`AvailabilityID`,
`StartTime`,
`EndTime`,
`DayOfWeek`,
`EMPLOYEE_EmployeeID`,
`SCHEDULE_ScheduleID`)
VALUES
(23,
'07:00:00',
'23:00:00',
1,
4,
NULL);
INSERT INTO `mydb`.`AVAILABILITY`
(`AvailabilityID`,
`StartTime`,
`EndTime`,
`DayOfWeek`,
`EMPLOYEE_EmployeeID`,
`SCHEDULE_ScheduleID`)
VALUES
(24,
'09:00:00',
'22:30:00',
2,
4,
NULL);
INSERT INTO `mydb`.`AVAILABILITY`
(`AvailabilityID`,
`StartTime`,
`EndTime`,
`DayOfWeek`,
`EMPLOYEE_EmployeeID`,
`SCHEDULE_ScheduleID`)
VALUES
(25,
'06:00:00',
'23:30:00',
3,
4,
NULL);
INSERT INTO `mydb`.`AVAILABILITY`
(`AvailabilityID`,
`StartTime`,
`EndTime`,
`DayOfWeek`,
`EMPLOYEE_EmployeeID`,
`SCHEDULE_ScheduleID`)
VALUES
(26,
'07:00:00',
'23:30:00',
4,
4,
NULL);
INSERT INTO `mydb`.`AVAILABILITY`
(`AvailabilityID`,
`StartTime`,
`EndTime`,
`DayOfWeek`,
`EMPLOYEE_EmployeeID`,
`SCHEDULE_ScheduleID`)
VALUES
(27,
'06:30:00',
'23:30:00',
5,
4,
NULL);
INSERT INTO `mydb`.`AVAILABILITY`
(`AvailabilityID`,
`StartTime`,
`EndTime`,
`DayOfWeek`,
`EMPLOYEE_EmployeeID`,
`SCHEDULE_ScheduleID`)
VALUES
(28,
'10:00:00',
'22:30:00',
6,
4,
NULL);
INSERT INTO `mydb`.`AVAILABILITY`
(`AvailabilityID`,
`StartTime`,
`EndTime`,
`DayOfWeek`,
`EMPLOYEE_EmployeeID`,
`SCHEDULE_ScheduleID`)
VALUES
(29,
'15:00:00',
'23:00:00',
0,
5,
NULL);
INSERT INTO `mydb`.`AVAILABILITY`
(`AvailabilityID`,
`StartTime`,
`EndTime`,
`DayOfWeek`,
`EMPLOYEE_EmployeeID`,
`SCHEDULE_ScheduleID`)
VALUES
(30,
'15:00:00',
'23:30:00',
1,
5,
NULL);
INSERT INTO `mydb`.`AVAILABILITY`
(`AvailabilityID`,
`StartTime`,
`EndTime`,
`DayOfWeek`,
`EMPLOYEE_EmployeeID`,
`SCHEDULE_ScheduleID`)
VALUES
(31,
'08:00:00',
'23:00:00',
2,
5,
NULL);
INSERT INTO `mydb`.`AVAILABILITY`
(`AvailabilityID`,
`StartTime`,
`EndTime`,
`DayOfWeek`,
`EMPLOYEE_EmployeeID`,
`SCHEDULE_ScheduleID`)
VALUES
(32,
'06:00:00',
'22:00:00',
3,
5,
NULL);
INSERT INTO `mydb`.`AVAILABILITY`
(`AvailabilityID`,
`StartTime`,
`EndTime`,
`DayOfWeek`,
`EMPLOYEE_EmployeeID`,
`SCHEDULE_ScheduleID`)
VALUES
(33,
'08:00:00',
'23:00:00',
4,
5,
NULL);
INSERT INTO `mydb`.`AVAILABILITY`
(`AvailabilityID`,
`StartTime`,
`EndTime`,
`DayOfWeek`,
`EMPLOYEE_EmployeeID`,
`SCHEDULE_ScheduleID`)
VALUES
(34,
'06:30:00',
'23:30:00',
5,
5,
NULL);
INSERT INTO `mydb`.`AVAILABILITY`
(`AvailabilityID`,
`StartTime`,
`EndTime`,
`DayOfWeek`,
`EMPLOYEE_EmployeeID`,
`SCHEDULE_ScheduleID`)
VALUES
(35,
'09:00:00',
'20:30:00',
6,
5,
NULL);
INSERT INTO `mydb`.`AVAILABILITY`
(`AvailabilityID`,
`StartTime`,
`EndTime`,
`DayOfWeek`,
`EMPLOYEE_EmployeeID`,
`SCHEDULE_ScheduleID`)
VALUES
(36,
'12:00:00',
'23:00:00',
0,
6,
NULL);
INSERT INTO `mydb`.`AVAILABILITY`
(`AvailabilityID`,
`StartTime`,
`EndTime`,
`DayOfWeek`,
`EMPLOYEE_EmployeeID`,
`SCHEDULE_ScheduleID`)
VALUES
(37,
'15:00:00',
'23:30:00',
1,
6,
NULL);
INSERT INTO `mydb`.`AVAILABILITY`
(`AvailabilityID`,
`StartTime`,
`EndTime`,
`DayOfWeek`,
`EMPLOYEE_EmployeeID`,
`SCHEDULE_ScheduleID`)
VALUES
(38,
'08:00:00',
'23:00:00',
2,
6,
NULL);
INSERT INTO `mydb`.`AVAILABILITY`
(`AvailabilityID`,
`StartTime`,
`EndTime`,
`DayOfWeek`,
`EMPLOYEE_EmployeeID`,
`SCHEDULE_ScheduleID`)
VALUES
(39,
'09:00:00',
'23:00:00',
3,
6,
NULL);
INSERT INTO `mydb`.`AVAILABILITY`
(`AvailabilityID`,
`StartTime`,
`EndTime`,
`DayOfWeek`,
`EMPLOYEE_EmployeeID`,
`SCHEDULE_ScheduleID`)
VALUES
(40,
'10:00:00',
'22:00:00',
4,
6,
NULL);
INSERT INTO `mydb`.`AVAILABILITY`
(`AvailabilityID`,
`StartTime`,
`EndTime`,
`DayOfWeek`,
`EMPLOYEE_EmployeeID`,
`SCHEDULE_ScheduleID`)
VALUES
(41,
'08:30:00',
'21:30:00',
5,
6,
NULL);
INSERT INTO `mydb`.`AVAILABILITY`
(`AvailabilityID`,
`StartTime`,
`EndTime`,
`DayOfWeek`,
`EMPLOYEE_EmployeeID`,
`SCHEDULE_ScheduleID`)
VALUES
(42,
'07:00:00',
'22:30:00',
6,
6,
NULL);
INSERT INTO `mydb`.`AVAILABILITY`
(`AvailabilityID`,
`StartTime`,
`EndTime`,
`DayOfWeek`,
`EMPLOYEE_EmployeeID`,
`SCHEDULE_ScheduleID`)
VALUES
(43,
'11:00:00',
'23:30:00',
0,
7,
NULL);
INSERT INTO `mydb`.`AVAILABILITY`
(`AvailabilityID`,
`StartTime`,
`EndTime`,
`DayOfWeek`,
`EMPLOYEE_EmployeeID`,
`SCHEDULE_ScheduleID`)
VALUES
(44,
'09:00:00',
'23:30:00',
1,
7,
NULL);
INSERT INTO `mydb`.`AVAILABILITY`
(`AvailabilityID`,
`StartTime`,
`EndTime`,
`DayOfWeek`,
`EMPLOYEE_EmployeeID`,
`SCHEDULE_ScheduleID`)
VALUES
(45,
'08:00:00',
'23:00:00',
2,
7,
NULL);
INSERT INTO `mydb`.`AVAILABILITY`
(`AvailabilityID`,
`StartTime`,
`EndTime`,
`DayOfWeek`,
`EMPLOYEE_EmployeeID`,
`SCHEDULE_ScheduleID`)
VALUES
(46,
'09:00:00',
'22:00:00',
3,
7,
NULL);
INSERT INTO `mydb`.`AVAILABILITY`
(`AvailabilityID`,
`StartTime`,
`EndTime`,
`DayOfWeek`,
`EMPLOYEE_EmployeeID`,
`SCHEDULE_ScheduleID`)
VALUES
(47,
'09:00:00',
'23:00:00',
4,
7,
NULL);
INSERT INTO `mydb`.`AVAILABILITY`
(`AvailabilityID`,
`StartTime`,
`EndTime`,
`DayOfWeek`,
`EMPLOYEE_EmployeeID`,
`SCHEDULE_ScheduleID`)
VALUES
(48,
'06:30:00',
'23:30:00',
5,
7,
NULL);
INSERT INTO `mydb`.`AVAILABILITY`
(`AvailabilityID`,
`StartTime`,
`EndTime`,
`DayOfWeek`,
`EMPLOYEE_EmployeeID`,
`SCHEDULE_ScheduleID`)
VALUES
(49,
'09:00:00',
'22:30:00',
6,
7,
NULL);
INSERT INTO `mydb`.`AVAILABILITY`
(`AvailabilityID`,
`StartTime`,
`EndTime`,
`DayOfWeek`,
`EMPLOYEE_EmployeeID`,
`SCHEDULE_ScheduleID`)
VALUES
(50,
'09:00:00',
'23:30:00',
0,
8,
NULL);
INSERT INTO `mydb`.`AVAILABILITY`
(`AvailabilityID`,
`StartTime`,
`EndTime`,
`DayOfWeek`,
`EMPLOYEE_EmployeeID`,
`SCHEDULE_ScheduleID`)
VALUES
(51,
'10:00:00',
'23:30:00',
1,
8,
NULL);
INSERT INTO `mydb`.`AVAILABILITY`
(`AvailabilityID`,
`StartTime`,
`EndTime`,
`DayOfWeek`,
`EMPLOYEE_EmployeeID`,
`SCHEDULE_ScheduleID`)
VALUES
(52,
'08:00:00',
'23:00:00',
2,
8,
NULL);
INSERT INTO `mydb`.`AVAILABILITY`
(`AvailabilityID`,
`StartTime`,
`EndTime`,
`DayOfWeek`,
`EMPLOYEE_EmployeeID`,
`SCHEDULE_ScheduleID`)
VALUES
(53,
'10:00:00',
'20:00:00',
3,
8,
NULL);
INSERT INTO `mydb`.`AVAILABILITY`
(`AvailabilityID`,
`StartTime`,
`EndTime`,
`DayOfWeek`,
`EMPLOYEE_EmployeeID`,
`SCHEDULE_ScheduleID`)
VALUES
(54,
'09:00:00',
'22:00:00',
4,
8,
NULL);
INSERT INTO `mydb`.`AVAILABILITY`
(`AvailabilityID`,
`StartTime`,
`EndTime`,
`DayOfWeek`,
`EMPLOYEE_EmployeeID`,
`SCHEDULE_ScheduleID`)
VALUES
(55,
'08:30:00',
'23:30:00',
5,
8,
NULL);
INSERT INTO `mydb`.`AVAILABILITY`
(`AvailabilityID`,
`StartTime`,
`EndTime`,
`DayOfWeek`,
`EMPLOYEE_EmployeeID`,
`SCHEDULE_ScheduleID`)
VALUES
(56,
'09:00:00',
'20:30:00',
6,
8,
NULL);
INSERT INTO `mydb`.`AVAILABILITY`
(`AvailabilityID`,
`StartTime`,
`EndTime`,
`DayOfWeek`,
`EMPLOYEE_EmployeeID`,
`SCHEDULE_ScheduleID`)
VALUES
(57,
'08:00:00',
'23:30:00',
0,
9,
NULL);
INSERT INTO `mydb`.`AVAILABILITY`
(`AvailabilityID`,
`StartTime`,
`EndTime`,
`DayOfWeek`,
`EMPLOYEE_EmployeeID`,
`SCHEDULE_ScheduleID`)
VALUES
(58,
'08:00:00',
'23:30:00',
1,
9,
NULL);
INSERT INTO `mydb`.`AVAILABILITY`
(`AvailabilityID`,
`StartTime`,
`EndTime`,
`DayOfWeek`,
`EMPLOYEE_EmployeeID`,
`SCHEDULE_ScheduleID`)
VALUES
(59,
'19:00:00',
'23:00:00',
2,
9,
NULL);
INSERT INTO `mydb`.`AVAILABILITY`
(`AvailabilityID`,
`StartTime`,
`EndTime`,
`DayOfWeek`,
`EMPLOYEE_EmployeeID`,
`SCHEDULE_ScheduleID`)
VALUES
(60,
'09:00:00',
'22:00:00',
3,
9,
NULL);
INSERT INTO `mydb`.`AVAILABILITY`
(`AvailabilityID`,
`StartTime`,
`EndTime`,
`DayOfWeek`,
`EMPLOYEE_EmployeeID`,
`SCHEDULE_ScheduleID`)
VALUES
(61,
'10:00:00',
'23:30:00',
4,
9,
NULL);
INSERT INTO `mydb`.`AVAILABILITY`
(`AvailabilityID`,
`StartTime`,
`EndTime`,
`DayOfWeek`,
`EMPLOYEE_EmployeeID`,
`SCHEDULE_ScheduleID`)
VALUES
(62,
'08:30:00',
'23:30:00',
5,
9,
NULL);
INSERT INTO `mydb`.`AVAILABILITY`
(`AvailabilityID`,
`StartTime`,
`EndTime`,
`DayOfWeek`,
`EMPLOYEE_EmployeeID`,
`SCHEDULE_ScheduleID`)
VALUES
(63,
'07:00:00',
'23:30:00',
6,
9,
NULL);
INSERT INTO `mydb`.`AVAILABILITY`
(`AvailabilityID`,
`StartTime`,
`EndTime`,
`DayOfWeek`,
`EMPLOYEE_EmployeeID`,
`SCHEDULE_ScheduleID`)
VALUES
(64,
'03:00:00',
'23:30:00',
0,
10,
NULL);
INSERT INTO `mydb`.`AVAILABILITY`
(`AvailabilityID`,
`StartTime`,
`EndTime`,
`DayOfWeek`,
`EMPLOYEE_EmployeeID`,
`SCHEDULE_ScheduleID`)
VALUES
(65,
'06:00:00',
'23:30:00',
1,
10,
NULL);
INSERT INTO `mydb`.`AVAILABILITY`
(`AvailabilityID`,
`StartTime`,
`EndTime`,
`DayOfWeek`,
`EMPLOYEE_EmployeeID`,
`SCHEDULE_ScheduleID`)
VALUES
(66,
'06:00:00',
'23:00:00',
2,
10,
NULL);
INSERT INTO `mydb`.`AVAILABILITY`
(`AvailabilityID`,
`StartTime`,
`EndTime`,
`DayOfWeek`,
`EMPLOYEE_EmployeeID`,
`SCHEDULE_ScheduleID`)
VALUES
(67,
'02:00:00',
'22:00:00',
3,
10,
NULL);
INSERT INTO `mydb`.`AVAILABILITY`
(`AvailabilityID`,
`StartTime`,
`EndTime`,
`DayOfWeek`,
`EMPLOYEE_EmployeeID`,
`SCHEDULE_ScheduleID`)
VALUES
(68,
'05:00:00',
'23:30:00',
4,
10,
NULL);
INSERT INTO `mydb`.`AVAILABILITY`
(`AvailabilityID`,
`StartTime`,
`EndTime`,
`DayOfWeek`,
`EMPLOYEE_EmployeeID`,
`SCHEDULE_ScheduleID`)
VALUES
(69,
'06:30:00',
'23:30:00',
5,
10,
NULL);
INSERT INTO `mydb`.`AVAILABILITY`
(`AvailabilityID`,
`StartTime`,
`EndTime`,
`DayOfWeek`,
`EMPLOYEE_EmployeeID`,
`SCHEDULE_ScheduleID`)
VALUES
(70,
'05:00:00',
'23:30:00',
6,
10,
NULL);

-- Insert Desired Shift Hours --
INSERT INTO `mydb`.`DESIREDSHIFTHOURS`
(`DesiredShiftHoursID`,
`DesiredShifts`,
`MaxShifts`,
`DesiredHours`,
`MaxHours`,
`EMPLOYEE_EmployeeID`,
`SCHEDULE_ScheduleID`)
VALUES
(1,
5,
7,
35,
40,
1,
NULL);
INSERT INTO `mydb`.`DESIREDSHIFTHOURS`
(`DesiredShiftHoursID`,
`DesiredShifts`,
`MaxShifts`,
`DesiredHours`,
`MaxHours`,
`EMPLOYEE_EmployeeID`,
`SCHEDULE_ScheduleID`)
VALUES
(2,
4,
6,
30,
40,
2,
NULL);
INSERT INTO `mydb`.`DESIREDSHIFTHOURS`
(`DesiredShiftHoursID`,
`DesiredShifts`,
`MaxShifts`,
`DesiredHours`,
`MaxHours`,
`EMPLOYEE_EmployeeID`,
`SCHEDULE_ScheduleID`)
VALUES
(3,
3,
5,
25,
35,
3,
NULL);
INSERT INTO `mydb`.`DESIREDSHIFTHOURS`
(`DesiredShiftHoursID`,
`DesiredShifts`,
`MaxShifts`,
`DesiredHours`,
`MaxHours`,
`EMPLOYEE_EmployeeID`,
`SCHEDULE_ScheduleID`)
VALUES
(4,
4,
7,
30,
40,
4,
NULL);
INSERT INTO `mydb`.`DESIREDSHIFTHOURS`
(`DesiredShiftHoursID`,
`DesiredShifts`,
`MaxShifts`,
`DesiredHours`,
`MaxHours`,
`EMPLOYEE_EmployeeID`,
`SCHEDULE_ScheduleID`)
VALUES
(5,
3,
5,
20,
35,
5,
NULL);
INSERT INTO `mydb`.`DESIREDSHIFTHOURS`
(`DesiredShiftHoursID`,
`DesiredShifts`,
`MaxShifts`,
`DesiredHours`,
`MaxHours`,
`EMPLOYEE_EmployeeID`,
`SCHEDULE_ScheduleID`)
VALUES
(6,
5,
7,
35,
40,
6,
NULL);
INSERT INTO `mydb`.`DESIREDSHIFTHOURS`
(`DesiredShiftHoursID`,
`DesiredShifts`,
`MaxShifts`,
`DesiredHours`,
`MaxHours`,
`EMPLOYEE_EmployeeID`,
`SCHEDULE_ScheduleID`)
VALUES
(7,
4,
6,
35,
40,
7,
NULL);
INSERT INTO `mydb`.`DESIREDSHIFTHOURS`
(`DesiredShiftHoursID`,
`DesiredShifts`,
`MaxShifts`,
`DesiredHours`,
`MaxHours`,
`EMPLOYEE_EmployeeID`,
`SCHEDULE_ScheduleID`)
VALUES
(8,
6,
7,
40,
40,
8,
NULL);
INSERT INTO `mydb`.`DESIREDSHIFTHOURS`
(`DesiredShiftHoursID`,
`DesiredShifts`,
`MaxShifts`,
`DesiredHours`,
`MaxHours`,
`EMPLOYEE_EmployeeID`,
`SCHEDULE_ScheduleID`)
VALUES
(9,
4,
7,
28,
40,
9,
NULL);
INSERT INTO `mydb`.`DESIREDSHIFTHOURS`
(`DesiredShiftHoursID`,
`DesiredShifts`,
`MaxShifts`,
`DesiredHours`,
`MaxHours`,
`EMPLOYEE_EmployeeID`,
`SCHEDULE_ScheduleID`)
VALUES
(10,
4,
7,
30,
40,
10,
NULL);

-- Insert Schedule --

INSERT INTO `mydb`.`SCHEDULE`
(`ScheduleID`,
`StartDate`,
`EndDate`,
`ScheduleName`)
VALUES
(1,
'2024-05-19',
'2024-05-25',
'ExampleTemplate');

-- Insert Shifts --

INSERT INTO `mydb`.`SHIFT`
(`ShiftID`,
`Date`,
`StartTime`,
`EndTIme`,
`EMPLOYEE_EmployeeID`,
`STORES_StoreName`,
`SCHEDULE_ScheduleID`,
`ROLES_RoleName`)
VALUES
(1,
'2024-05-19',
'09:00:00',
'17:00:00',
NULL,
'Downtown',
'1',
'Manager');
INSERT INTO `mydb`.`SHIFT`
(`ShiftID`,
`Date`,
`StartTime`,
`EndTIme`,
`EMPLOYEE_EmployeeID`,
`STORES_StoreName`,
`SCHEDULE_ScheduleID`,
`ROLES_RoleName`)
VALUES
(2,
'2024-05-19',
'10:00:00',
'17:00:00',
NULL,
'Downtown',
'1',
'Cashier');
INSERT INTO `mydb`.`SHIFT`
(`ShiftID`,
`Date`,
`StartTime`,
`EndTIme`,
`EMPLOYEE_EmployeeID`,
`STORES_StoreName`,
`SCHEDULE_ScheduleID`,
`ROLES_RoleName`)
VALUES
(3,
'2024-05-19',
'11:00:00',
'17:00:00',
NULL,
'Downtown',
'1',
'Driver');
INSERT INTO `mydb`.`SHIFT`
(`ShiftID`,
`Date`,
`StartTime`,
`EndTIme`,
`EMPLOYEE_EmployeeID`,
`STORES_StoreName`,
`SCHEDULE_ScheduleID`,
`ROLES_RoleName`)
VALUES
(4,
'2024-05-19',
'11:00:00',
'17:00:00',
NULL,
'Downtown',
'1',
'Cook');
INSERT INTO `mydb`.`SHIFT`
(`ShiftID`,
`Date`,
`StartTime`,
`EndTIme`,
`EMPLOYEE_EmployeeID`,
`STORES_StoreName`,
`SCHEDULE_ScheduleID`,
`ROLES_RoleName`)
VALUES
(5,
'2024-05-19',
'17:00:00',
'22:30:00',
NULL,
'Downtown',
'1',
'Manager');
INSERT INTO `mydb`.`SHIFT`
(`ShiftID`,
`Date`,
`StartTime`,
`EndTIme`,
`EMPLOYEE_EmployeeID`,
`STORES_StoreName`,
`SCHEDULE_ScheduleID`,
`ROLES_RoleName`)
VALUES
(6,
'2024-05-19',
'17:00:00',
'22:30:00',
NULL,
'Downtown',
'1',
'Cashier');
INSERT INTO `mydb`.`SHIFT`
(`ShiftID`,
`Date`,
`StartTime`,
`EndTIme`,
`EMPLOYEE_EmployeeID`,
`STORES_StoreName`,
`SCHEDULE_ScheduleID`,
`ROLES_RoleName`)
VALUES
(7,
'2024-05-19',
'14:30:00',
'22:30:00',
NULL,
'Downtown',
'1',
'Driver');
INSERT INTO `mydb`.`SHIFT`
(`ShiftID`,
`Date`,
`StartTime`,
`EndTIme`,
`EMPLOYEE_EmployeeID`,
`STORES_StoreName`,
`SCHEDULE_ScheduleID`,
`ROLES_RoleName`)
VALUES
(8,
'2024-05-19',
'14:30:00',
'22:30:00',
NULL,
'Downtown',
'1',
'Cook');

INSERT INTO `mydb`.`SHIFT`
(`ShiftID`,
`Date`,
`StartTime`,
`EndTIme`,
`EMPLOYEE_EmployeeID`,
`STORES_StoreName`,
`SCHEDULE_ScheduleID`,
`ROLES_RoleName`)
VALUES
(9,
'2024-05-20',
'09:00:00',
'17:00:00',
NULL,
'Downtown',
'1',
'Manager');
INSERT INTO `mydb`.`SHIFT`
(`ShiftID`,
`Date`,
`StartTime`,
`EndTIme`,
`EMPLOYEE_EmployeeID`,
`STORES_StoreName`,
`SCHEDULE_ScheduleID`,
`ROLES_RoleName`)
VALUES
(10,
'2024-05-20',
'10:00:00',
'17:00:00',
NULL,
'Downtown',
'1',
'Cashier');
INSERT INTO `mydb`.`SHIFT`
(`ShiftID`,
`Date`,
`StartTime`,
`EndTIme`,
`EMPLOYEE_EmployeeID`,
`STORES_StoreName`,
`SCHEDULE_ScheduleID`,
`ROLES_RoleName`)
VALUES
(11,
'2024-05-20',
'11:00:00',
'17:00:00',
NULL,
'Downtown',
'1',
'Driver');
INSERT INTO `mydb`.`SHIFT`
(`ShiftID`,
`Date`,
`StartTime`,
`EndTIme`,
`EMPLOYEE_EmployeeID`,
`STORES_StoreName`,
`SCHEDULE_ScheduleID`,
`ROLES_RoleName`)
VALUES
(12,
'2024-05-20',
'11:00:00',
'17:00:00',
NULL,
'Downtown',
'1',
'Cook');
INSERT INTO `mydb`.`SHIFT`
(`ShiftID`,
`Date`,
`StartTime`,
`EndTIme`,
`EMPLOYEE_EmployeeID`,
`STORES_StoreName`,
`SCHEDULE_ScheduleID`,
`ROLES_RoleName`)
VALUES
(13,
'2024-05-20',
'17:00:00',
'22:30:00',
NULL,
'Downtown',
'1',
'Manager');
INSERT INTO `mydb`.`SHIFT`
(`ShiftID`,
`Date`,
`StartTime`,
`EndTIme`,
`EMPLOYEE_EmployeeID`,
`STORES_StoreName`,
`SCHEDULE_ScheduleID`,
`ROLES_RoleName`)
VALUES
(14,
'2024-05-20',
'17:00:00',
'22:30:00',
NULL,
'Downtown',
'1',
'Cashier');
INSERT INTO `mydb`.`SHIFT`
(`ShiftID`,
`Date`,
`StartTime`,
`EndTIme`,
`EMPLOYEE_EmployeeID`,
`STORES_StoreName`,
`SCHEDULE_ScheduleID`,
`ROLES_RoleName`)
VALUES
(15,
'2024-05-20',
'14:30:00',
'22:30:00',
NULL,
'Downtown',
'1',
'Driver');
INSERT INTO `mydb`.`SHIFT`
(`ShiftID`,
`Date`,
`StartTime`,
`EndTIme`,
`EMPLOYEE_EmployeeID`,
`STORES_StoreName`,
`SCHEDULE_ScheduleID`,
`ROLES_RoleName`)
VALUES
(16,
'2024-05-20',
'14:30:00',
'22:30:00',
NULL,
'Downtown',
'1',
'Cook');
INSERT INTO `mydb`.`SHIFT`
(`ShiftID`,
`Date`,
`StartTime`,
`EndTIme`,
`EMPLOYEE_EmployeeID`,
`STORES_StoreName`,
`SCHEDULE_ScheduleID`,
`ROLES_RoleName`)
VALUES
(17,
'2024-05-21',
'09:00:00',
'17:00:00',
NULL,
'Downtown',
'1',
'Manager');
INSERT INTO `mydb`.`SHIFT`
(`ShiftID`,
`Date`,
`StartTime`,
`EndTIme`,
`EMPLOYEE_EmployeeID`,
`STORES_StoreName`,
`SCHEDULE_ScheduleID`,
`ROLES_RoleName`)
VALUES
(18,
'2024-05-21',
'10:00:00',
'17:00:00',
NULL,
'Downtown',
'1',
'Cashier');
INSERT INTO `mydb`.`SHIFT`
(`ShiftID`,
`Date`,
`StartTime`,
`EndTIme`,
`EMPLOYEE_EmployeeID`,
`STORES_StoreName`,
`SCHEDULE_ScheduleID`,
`ROLES_RoleName`)
VALUES
(19,
'2024-05-21',
'11:00:00',
'17:00:00',
NULL,
'Downtown',
'1',
'Driver');
INSERT INTO `mydb`.`SHIFT`
(`ShiftID`,
`Date`,
`StartTime`,
`EndTIme`,
`EMPLOYEE_EmployeeID`,
`STORES_StoreName`,
`SCHEDULE_ScheduleID`,
`ROLES_RoleName`)
VALUES
(20,
'2024-05-21',
'11:00:00',
'17:00:00',
NULL,
'Downtown',
'1',
'Cook');
INSERT INTO `mydb`.`SHIFT`
(`ShiftID`,
`Date`,
`StartTime`,
`EndTIme`,
`EMPLOYEE_EmployeeID`,
`STORES_StoreName`,
`SCHEDULE_ScheduleID`,
`ROLES_RoleName`)
VALUES
(21,
'2024-05-21',
'17:00:00',
'22:30:00',
NULL,
'Downtown',
'1',
'Manager');
INSERT INTO `mydb`.`SHIFT`
(`ShiftID`,
`Date`,
`StartTime`,
`EndTIme`,
`EMPLOYEE_EmployeeID`,
`STORES_StoreName`,
`SCHEDULE_ScheduleID`,
`ROLES_RoleName`)
VALUES
(22,
'2024-05-21',
'17:00:00',
'22:30:00',
NULL,
'Downtown',
'1',
'Cashier');
INSERT INTO `mydb`.`SHIFT`
(`ShiftID`,
`Date`,
`StartTime`,
`EndTIme`,
`EMPLOYEE_EmployeeID`,
`STORES_StoreName`,
`SCHEDULE_ScheduleID`,
`ROLES_RoleName`)
VALUES
(23,
'2024-05-21',
'14:30:00',
'22:30:00',
NULL,
'Downtown',
'1',
'Driver');
INSERT INTO `mydb`.`SHIFT`
(`ShiftID`,
`Date`,
`StartTime`,
`EndTIme`,
`EMPLOYEE_EmployeeID`,
`STORES_StoreName`,
`SCHEDULE_ScheduleID`,
`ROLES_RoleName`)
VALUES
(24,
'2024-05-21',
'14:30:00',
'22:30:00',
NULL,
'Downtown',
'1',
'Cook');
INSERT INTO `mydb`.`SHIFT`
(`ShiftID`,
`Date`,
`StartTime`,
`EndTIme`,
`EMPLOYEE_EmployeeID`,
`STORES_StoreName`,
`SCHEDULE_ScheduleID`,
`ROLES_RoleName`)
VALUES
(25,
'2024-05-22',
'09:00:00',
'17:00:00',
NULL,
'Downtown',
'1',
'Manager');
INSERT INTO `mydb`.`SHIFT`
(`ShiftID`,
`Date`,
`StartTime`,
`EndTIme`,
`EMPLOYEE_EmployeeID`,
`STORES_StoreName`,
`SCHEDULE_ScheduleID`,
`ROLES_RoleName`)
VALUES
(26,
'2024-05-22',
'10:00:00',
'17:00:00',
NULL,
'Downtown',
'1',
'Cashier');
INSERT INTO `mydb`.`SHIFT`
(`ShiftID`,
`Date`,
`StartTime`,
`EndTIme`,
`EMPLOYEE_EmployeeID`,
`STORES_StoreName`,
`SCHEDULE_ScheduleID`,
`ROLES_RoleName`)
VALUES
(27,
'2024-05-22',
'11:00:00',
'17:00:00',
NULL,
'Downtown',
'1',
'Driver');
INSERT INTO `mydb`.`SHIFT`
(`ShiftID`,
`Date`,
`StartTime`,
`EndTIme`,
`EMPLOYEE_EmployeeID`,
`STORES_StoreName`,
`SCHEDULE_ScheduleID`,
`ROLES_RoleName`)
VALUES
(28,
'2024-05-22',
'11:00:00',
'17:00:00',
NULL,
'Downtown',
'1',
'Cook');
INSERT INTO `mydb`.`SHIFT`
(`ShiftID`,
`Date`,
`StartTime`,
`EndTIme`,
`EMPLOYEE_EmployeeID`,
`STORES_StoreName`,
`SCHEDULE_ScheduleID`,
`ROLES_RoleName`)
VALUES
(29,
'2024-05-22',
'17:00:00',
'22:30:00',
NULL,
'Downtown',
'1',
'Manager');
INSERT INTO `mydb`.`SHIFT`
(`ShiftID`,
`Date`,
`StartTime`,
`EndTIme`,
`EMPLOYEE_EmployeeID`,
`STORES_StoreName`,
`SCHEDULE_ScheduleID`,
`ROLES_RoleName`)
VALUES
(30,
'2024-05-22',
'17:00:00',
'22:30:00',
NULL,
'Downtown',
'1',
'Cashier');
INSERT INTO `mydb`.`SHIFT`
(`ShiftID`,
`Date`,
`StartTime`,
`EndTIme`,
`EMPLOYEE_EmployeeID`,
`STORES_StoreName`,
`SCHEDULE_ScheduleID`,
`ROLES_RoleName`)
VALUES
(31,
'2024-05-22',
'14:30:00',
'22:30:00',
NULL,
'Downtown',
'1',
'Driver');
INSERT INTO `mydb`.`SHIFT`
(`ShiftID`,
`Date`,
`StartTime`,
`EndTIme`,
`EMPLOYEE_EmployeeID`,
`STORES_StoreName`,
`SCHEDULE_ScheduleID`,
`ROLES_RoleName`)
VALUES
(32,
'2024-05-22',
'14:30:00',
'22:30:00',
NULL,
'Downtown',
'1',
'Cook');
INSERT INTO `mydb`.`SHIFT`
(`ShiftID`,
`Date`,
`StartTime`,
`EndTIme`,
`EMPLOYEE_EmployeeID`,
`STORES_StoreName`,
`SCHEDULE_ScheduleID`,
`ROLES_RoleName`)
VALUES
(33,
'2024-05-23',
'09:00:00',
'17:00:00',
NULL,
'Downtown',
'1',
'Manager');
INSERT INTO `mydb`.`SHIFT`
(`ShiftID`,
`Date`,
`StartTime`,
`EndTIme`,
`EMPLOYEE_EmployeeID`,
`STORES_StoreName`,
`SCHEDULE_ScheduleID`,
`ROLES_RoleName`)
VALUES
(34,
'2024-05-23',
'10:00:00',
'17:00:00',
NULL,
'Downtown',
'1',
'Cashier');
INSERT INTO `mydb`.`SHIFT`
(`ShiftID`,
`Date`,
`StartTime`,
`EndTIme`,
`EMPLOYEE_EmployeeID`,
`STORES_StoreName`,
`SCHEDULE_ScheduleID`,
`ROLES_RoleName`)
VALUES
(35,
'2024-05-23',
'11:00:00',
'17:00:00',
NULL,
'Downtown',
'1',
'Driver');
INSERT INTO `mydb`.`SHIFT`
(`ShiftID`,
`Date`,
`StartTime`,
`EndTIme`,
`EMPLOYEE_EmployeeID`,
`STORES_StoreName`,
`SCHEDULE_ScheduleID`,
`ROLES_RoleName`)
VALUES
(36,
'2024-05-23',
'11:00:00',
'17:00:00',
NULL,
'Downtown',
'1',
'Cook');
INSERT INTO `mydb`.`SHIFT`
(`ShiftID`,
`Date`,
`StartTime`,
`EndTIme`,
`EMPLOYEE_EmployeeID`,
`STORES_StoreName`,
`SCHEDULE_ScheduleID`,
`ROLES_RoleName`)
VALUES
(37,
'2024-05-23',
'17:00:00',
'22:30:00',
NULL,
'Downtown',
'1',
'Manager');
INSERT INTO `mydb`.`SHIFT`
(`ShiftID`,
`Date`,
`StartTime`,
`EndTIme`,
`EMPLOYEE_EmployeeID`,
`STORES_StoreName`,
`SCHEDULE_ScheduleID`,
`ROLES_RoleName`)
VALUES
(38,
'2024-05-23',
'17:00:00',
'22:30:00',
NULL,
'Downtown',
'1',
'Cashier');
INSERT INTO `mydb`.`SHIFT`
(`ShiftID`,
`Date`,
`StartTime`,
`EndTIme`,
`EMPLOYEE_EmployeeID`,
`STORES_StoreName`,
`SCHEDULE_ScheduleID`,
`ROLES_RoleName`)
VALUES
(39,
'2024-05-23',
'14:30:00',
'22:30:00',
NULL,
'Downtown',
'1',
'Driver');
INSERT INTO `mydb`.`SHIFT`
(`ShiftID`,
`Date`,
`StartTime`,
`EndTIme`,
`EMPLOYEE_EmployeeID`,
`STORES_StoreName`,
`SCHEDULE_ScheduleID`,
`ROLES_RoleName`)
VALUES
(40,
'2024-05-23',
'14:30:00',
'22:30:00',
NULL,
'Downtown',
'1',
'Cook');
INSERT INTO `mydb`.`SHIFT`
(`ShiftID`,
`Date`,
`StartTime`,
`EndTIme`,
`EMPLOYEE_EmployeeID`,
`STORES_StoreName`,
`SCHEDULE_ScheduleID`,
`ROLES_RoleName`)
VALUES
(41,
'2024-05-24',
'09:00:00',
'17:00:00',
NULL,
'Downtown',
'1',
'Manager');
INSERT INTO `mydb`.`SHIFT`
(`ShiftID`,
`Date`,
`StartTime`,
`EndTIme`,
`EMPLOYEE_EmployeeID`,
`STORES_StoreName`,
`SCHEDULE_ScheduleID`,
`ROLES_RoleName`)
VALUES
(42,
'2024-05-24',
'10:00:00',
'17:00:00',
NULL,
'Downtown',
'1',
'Cashier');
INSERT INTO `mydb`.`SHIFT`
(`ShiftID`,
`Date`,
`StartTime`,
`EndTIme`,
`EMPLOYEE_EmployeeID`,
`STORES_StoreName`,
`SCHEDULE_ScheduleID`,
`ROLES_RoleName`)
VALUES
(43,
'2024-05-24',
'11:00:00',
'17:00:00',
NULL,
'Downtown',
'1',
'Driver');
INSERT INTO `mydb`.`SHIFT`
(`ShiftID`,
`Date`,
`StartTime`,
`EndTIme`,
`EMPLOYEE_EmployeeID`,
`STORES_StoreName`,
`SCHEDULE_ScheduleID`,
`ROLES_RoleName`)
VALUES
(44,
'2024-05-24',
'11:00:00',
'17:00:00',
NULL,
'Downtown',
'1',
'Cook');
INSERT INTO `mydb`.`SHIFT`
(`ShiftID`,
`Date`,
`StartTime`,
`EndTIme`,
`EMPLOYEE_EmployeeID`,
`STORES_StoreName`,
`SCHEDULE_ScheduleID`,
`ROLES_RoleName`)
VALUES
(45,
'2024-05-24',
'17:00:00',
'22:30:00',
NULL,
'Downtown',
'1',
'Manager');
INSERT INTO `mydb`.`SHIFT`
(`ShiftID`,
`Date`,
`StartTime`,
`EndTIme`,
`EMPLOYEE_EmployeeID`,
`STORES_StoreName`,
`SCHEDULE_ScheduleID`,
`ROLES_RoleName`)
VALUES
(46,
'2024-05-24',
'17:00:00',
'22:30:00',
NULL,
'Downtown',
'1',
'Cashier');
INSERT INTO `mydb`.`SHIFT`
(`ShiftID`,
`Date`,
`StartTime`,
`EndTIme`,
`EMPLOYEE_EmployeeID`,
`STORES_StoreName`,
`SCHEDULE_ScheduleID`,
`ROLES_RoleName`)
VALUES
(47,
'2024-05-24',
'14:30:00',
'22:30:00',
NULL,
'Downtown',
'1',
'Driver');
INSERT INTO `mydb`.`SHIFT`
(`ShiftID`,
`Date`,
`StartTime`,
`EndTIme`,
`EMPLOYEE_EmployeeID`,
`STORES_StoreName`,
`SCHEDULE_ScheduleID`,
`ROLES_RoleName`)
VALUES
(48,
'2024-05-24',
'14:30:00',
'22:30:00',
NULL,
'Downtown',
'1',
'Cook');
INSERT INTO `mydb`.`SHIFT`
(`ShiftID`,
`Date`,
`StartTime`,
`EndTIme`,
`EMPLOYEE_EmployeeID`,
`STORES_StoreName`,
`SCHEDULE_ScheduleID`,
`ROLES_RoleName`)
VALUES
(49,
'2024-05-25',
'09:00:00',
'17:00:00',
NULL,
'Downtown',
'1',
'Manager');
INSERT INTO `mydb`.`SHIFT`
(`ShiftID`,
`Date`,
`StartTime`,
`EndTIme`,
`EMPLOYEE_EmployeeID`,
`STORES_StoreName`,
`SCHEDULE_ScheduleID`,
`ROLES_RoleName`)
VALUES
(50,
'2024-05-25',
'10:00:00',
'17:00:00',
NULL,
'Downtown',
'1',
'Cashier');
INSERT INTO `mydb`.`SHIFT`
(`ShiftID`,
`Date`,
`StartTime`,
`EndTIme`,
`EMPLOYEE_EmployeeID`,
`STORES_StoreName`,
`SCHEDULE_ScheduleID`,
`ROLES_RoleName`)
VALUES
(51,
'2024-05-25',
'11:00:00',
'17:00:00',
NULL,
'Downtown',
'1',
'Driver');
INSERT INTO `mydb`.`SHIFT`
(`ShiftID`,
`Date`,
`StartTime`,
`EndTIme`,
`EMPLOYEE_EmployeeID`,
`STORES_StoreName`,
`SCHEDULE_ScheduleID`,
`ROLES_RoleName`)
VALUES
(52,
'2024-05-25',
'11:00:00',
'17:00:00',
NULL,
'Downtown',
'1',
'Cook');
INSERT INTO `mydb`.`SHIFT`
(`ShiftID`,
`Date`,
`StartTime`,
`EndTIme`,
`EMPLOYEE_EmployeeID`,
`STORES_StoreName`,
`SCHEDULE_ScheduleID`,
`ROLES_RoleName`)
VALUES
(53,
'2024-05-25',
'17:00:00',
'22:30:00',
NULL,
'Downtown',
'1',
'Manager');
INSERT INTO `mydb`.`SHIFT`
(`ShiftID`,
`Date`,
`StartTime`,
`EndTIme`,
`EMPLOYEE_EmployeeID`,
`STORES_StoreName`,
`SCHEDULE_ScheduleID`,
`ROLES_RoleName`)
VALUES
(54,
'2024-05-25',
'17:00:00',
'22:30:00',
NULL,
'Downtown',
'1',
'Cashier');
INSERT INTO `mydb`.`SHIFT`
(`ShiftID`,
`Date`,
`StartTime`,
`EndTIme`,
`EMPLOYEE_EmployeeID`,
`STORES_StoreName`,
`SCHEDULE_ScheduleID`,
`ROLES_RoleName`)
VALUES
(55,
'2024-05-25',
'14:30:00',
'22:30:00',
NULL,
'Downtown',
'1',
'Driver');
INSERT INTO `mydb`.`SHIFT`
(`ShiftID`,
`Date`,
`StartTime`,
`EndTIme`,
`EMPLOYEE_EmployeeID`,
`STORES_StoreName`,
`SCHEDULE_ScheduleID`,
`ROLES_RoleName`)
VALUES
(56,
'2024-05-25',
'14:30:00',
'22:30:00',
NULL,
'Downtown',
'1',
'Cook');


